Style,Standard
Append Mode,1
Fill Mode,1
Capacity,100000
Count,30
Base Time Seconds,1790297699
Base Time Fractional,.771127640
Base Time,09/25/2026 00:54:59.771127640
Reading,Unit,Range Digits,Disp Digits,Math,Start Group,Limit1 High,Limit1 Low,Limit2 High,Limit2 Low,Terminal,Questionable,Origin,Value,Unit,Digits,Output,Sense,Source Limit,Overtemp,Relative Time
-0.08067085593939,Volt DC,.1,5.5,F,F,F,F,F,F,Front,F,Main,-0.9999971985817,Amp DC,1,T,4W,F,F,0.000000000
-0.07496889680624,Volt DC,.1,5.5,F,F,F,F,F,F,Front,F,Main,-0.9310223460197,Amp DC,1,T,4W,F,F,0.694300660
-0.06930354982615,Volt DC,.1,5.5,F,F,F,F,F,F,Front,F,Main,-0.8620151877403,Amp DC,1,T,4W,F,F,1.388615320
-0.06376239657402,Volt DC,.1,5.5,F,F,F,F,F,F,Front,F,Main,-0.7930845618248,Amp DC,1,T,4W,F,F,2.082969980
-0.05818936228752,Volt DC,.1,5.5,F,F,F,F,F,F,Front,F,Main,-0.7241345643997,Amp DC,1,T,4W,F,F,2.777302260
-0.052619446069,Volt DC,.1,5.5,F,F,F,F,F,F,Front,F,Main,-0.6551482677460,Amp DC,1,T,4W,F,F,3.471556940
-0.04704050347209,Volt DC,.1,5.5,F,F,F,F,F,F,Front,F,Main,-0.5861948728561,Amp DC,1,T,4W,F,F,4.165812340
-0.04147484153509,Volt DC,.1,5.5,F,F,F,F,F,F,Front,F,Main,-0.5172559618950,Amp DC,1,T,4W,F,F,4.860106900
-0.03591389209032,Volt DC,.1,5.5,F,F,F,F,F,F,Front,F,Main,-0.4482931792736,Amp DC,1,T,4W,F,F,5.554352940
-0.03034947440028,Volt DC,.1,5.5,F,F,F,F,F,F,Front,F,Main,-0.3793045878410,Amp DC,1,T,4W,F,F,6.248516100
-0.02479631826282,Volt DC,.1,5.5,F,F,F,F,F,F,Front,F,Main,-0.3103469908237,Amp DC,1,T,4W,F,F,6.942722540
-0.01925672776997,Volt DC,.01,5.5,F,F,F,F,F,F,Front,F,Main,-0.2413706928492,Amp DC,1,T,4W,F,F,7.710869220
-0.01367561798543,Volt DC,.01,5.5,F,F,F,F,F,F,Front,F,Main,-0.1731475293636,Amp DC,1,T,4W,F,F,8.405141980
-0.008096830919385,Volt DC,.01,5.5,F,F,F,F,F,F,Front,F,Main,-0.1043003201485,Amp DC,1,T,4W,F,F,9.099416420
-0.002548620803282,Volt DC,.01,5.5,F,F,F,F,F,F,Front,F,Main,-0.0356601029634,Amp DC,1,T,4W,F,F,9.793688720
0.002938880585134,Volt DC,.01,5.5,F,F,F,F,F,F,Front,F,Main,0.0310997385532,Amp DC,1,T,4W,F,F,10.488183300
0.008553938940167,Volt DC,.01,5.5,F,F,F,F,F,F,Front,F,Main,0.1023224294186,Amp DC,1,T,4W,F,F,11.182410120
0.01411278638989,Volt DC,.01,5.5,F,F,F,F,F,F,Front,F,Main,0.1715899556875,Amp DC,1,T,4W,F,F,11.876812720
0.01966488920152,Volt DC,.01,5.5,F,F,F,F,F,F,Front,F,Main,0.2406827509403,Amp DC,1,T,4W,F,F,12.571250820
0.02518537454307,Volt DC,.1,5.5,F,F,F,F,F,F,Front,F,Main,0.3103287518024,Amp DC,1,T,4W,F,F,13.413656740
0.03073941171169,Volt DC,.1,5.5,F,F,F,F,F,F,Front,F,Main,0.3792802393436,Amp DC,1,T,4W,F,F,14.108186180
0.03629457950592,Volt DC,.1,5.5,F,F,F,F,F,F,Front,F,Main,0.4482812285423,Amp DC,1,T,4W,F,F,14.802616320
0.04187053442001,Volt DC,.1,5.5,F,F,F,F,F,F,Front,F,Main,0.5172326564789,Amp DC,1,T,4W,F,F,15.497122560
0.04743275046349,Volt DC,.1,5.5,F,F,F,F,F,F,Front,F,Main,0.5861740708351,Amp DC,1,T,4W,F,F,16.191559420
0.0530118085444,Volt DC,.1,5.5,F,F,F,F,F,F,Front,F,Main,0.6551254391670,Amp DC,1,T,4W,F,F,16.886013280
0.05859070643783,Volt DC,.1,5.5,F,F,F,F,F,F,Front,F,Main,0.7241382598877,Amp DC,1,T,4W,F,F,17.580312780
0.06415283679962,Volt DC,.1,5.5,F,F,F,F,F,F,Front,F,Main,0.7930622696877,Amp DC,1,T,4W,F,F,18.274628000
0.06973291933537,Volt DC,.1,5.5,F,F,F,F,F,F,Front,F,Main,0.8620180487633,Amp DC,1,T,4W,F,F,18.969010680
0.07534012198448,Volt DC,.1,5.5,F,F,F,F,F,F,Front,F,Main,0.9310249090195,Amp DC,1,T,4W,F,F,19.663508640
0.08093567937613,Volt DC,.1,5.5,F,F,F,F,F,F,Front,F,Main,0.9999722838402,Amp DC,1,T,4W,F,F,20.358005740
