wafer,position,id,file,current_range_A,R_ohm,sigma_R_ohm,V0_V,R2,one_minus_R2,rho_meas_ohm_cm,sigma_rho_stat_ohm_cm,n_used,n_rejected
a,1,4058,a1_500mA.csv,0.5,0.008756443399404424,6.264507757414078e-05,0.000161248761009001,0.998875259456437,0.0011247405435630409,0.0013175382560913866,9.425891597193093e-06,24,1
a,2,4058,a2_10mA.csv,0.01,0.008259265135466718,0.00012618181234854236,4.205753892003628e-06,0.9960477918952442,0.003952208104755828,0.0014578015927355532,2.227172078857947e-05,19,2
a,2,4058,a2_100mA.csv,0.1,0.008112709848024306,0.0005603593074787943,-2.2917753574984523e-06,0.9168866929405947,0.08311330705940534,0.0014319338517255304,9.890621956654461e-05,21,0
a,2,4058,a2_500mA.csv,0.5,0.007673684536933889,6.762679244762399e-05,8.622527121177695e-05,0.9924462472556949,0.007553752744305142,0.0013544436891915162,1.1936467000967874e-05,100,1
a,2,4058,a2_1A.csv,1.0,0.007378276252746869,0.00018941346378656485,4.3047369531809594e-05,0.9876330927691345,0.012366907230865531,0.0013023026499910863,3.3432423425647634e-05,21,0
b,1,2167,b1_500mA.csv,0.5,0.02562901714366954,3.061108803926297e-05,-0.00011177253752432063,0.9999671899255235,3.281007447653028e-05,0.003672638156687845,4.386568916026383e-06,25,0
b,2,2167,b2_500mA.csv,0.5,0.02171970660018534,4.0253611964882275e-05,-4.3274798256461216e-05,0.9998351566454231,0.00016484335457689347,0.0036510826794911564,6.766632171296711e-06,50,1
b,2,2167,b2_1A.csv,1.0,0.023376713037415793,0.00018080325789433422,0.0005193440818199235,0.9942309457484058,0.005769054251594241,0.0039296254615895955,3.0393027652037586e-05,99,1
g,1,785,g1_500mA.csv,0.5,0.020406806230115076,5.6833577390335545e-05,0.00010429461148318889,0.9998216347397763,0.0001783652602237451,0.0029242953327754907,8.144251640035085e-06,25,0
g,2,785,g2_50mA.csv,0.05,0.018406285045426494,0.000446668231561784,-2.4562777758950843e-05,0.9872100137829235,0.012789986217076499,0.0030940965161361943,7.50849297255359e-05,24,1
g,2,785,g2_100mA.csv,0.1,0.017926350069969243,0.00023093252298536207,1.7629771662564183e-05,0.9961975827287245,0.0038024172712755044,0.00301341944676183,3.881975711383937e-05,25,0
g,2,785,g2_500mA.csv,0.5,0.017538320587383673,0.00011259049612960927,-0.0005836563445554079,0.9990530134145653,0.0009469865854346837,0.0029481916907391956,1.8926462399387322e-05,25,0
i,2,1575,i2_1mA.csv,0.001,0.10084018949187208,0.006370466132047417,5.304630030520944e-05,0.8994857919494735,0.10051420805052647,0.017798797646262885,0.0011244191246370296,30,0
i,2,1575,i2_10mA.csv,0.01,0.08098904472572424,0.00035326687209294774,-1.8595289598203603e-05,0.9994865549235692,0.0005134450764308074,0.014294971339313959,6.235336925876575e-05,29,1
i,2,1575,i2_100mA.csv,0.1,0.08078396658481216,2.523185082861918e-05,4.960234304904437e-05,0.9999972684779259,2.731522074084225e-06,0.014258774022052272,4.453547830505429e-06,30,0
i,2,1575,i2_1A.csv,1.0,0.08066815169657421,2.4542198920696253e-05,0.00022037751963808683,0.9999974083303861,2.5916696139161033e-06,0.014238332115203832,4.331820820497492e-06,30,0
z,2,,z2_1uA.csv,1e-06,56.31010107673159,2.1275072092030602,-3.1824446874779984e-05,0.9735940983972026,0.026405901602797432,,,21,0
z,2,,z2_10uA.csv,9.999999999999999e-06,57.61064347476855,0.13516648268611345,-1.6494299086409798e-05,0.9999009254636192,9.907453638080543e-05,,,20,1
z,2,,z2_100uA.csv,9.999999999999999e-05,57.52121862420548,0.005269929182153536,5.030144260746016e-05,0.9999998489134372,1.5108656281626054e-07,,,20,1
z,2,,z2_1mA.csv,0.001,57.127423687135604,0.0038396913756360914,-2.746627062389946e-05,0.9999999141664802,8.583351984725596e-08,,,21,0
